{
  "IcoMoonType": "selection",
  "icons": [
    {
      "icon": {
        "paths": [
          "M832 64h-640l-192 192v672c0 17.674 14.326 32 32 32h960c17.672 0 32-14.326 32-32v-672l-192-192zM640 640v192h-256v-192h-192l320-256 320 256h-192zM154.51 192l64-64h586.976l64 64h-714.976z"
        ],
        "tags": [
          "box-remove",
          "box",
          "upload",
          "storage",
          "outbox",
          "archive"
        ],
        "defaultCode": 59743,
        "grid": 16,
        "attrs": []
      },
      "attrs": [],
      "properties": {
        "ligatures": "box-remove, box4",
        "name": "box-remove",
        "order": 7,
        "id": 96,
        "prevSize": 32
      },
      "setIdx": 1,
      "setId": 1,
      "iconIdx": 95
    }
  ],
  "height": 1024,
  "preferences": {
    "showGlyphs": true,
    "showQuickUse": true,
    "showQuickUse2": true,
    "showSVGs": true,
    "fontPref": {
      "prefix": "icon-",
      "metadata": {
        "fontFamily": "icomoon"
      },
      "metrics": {
        "emSize": 1024,
        "baseline": 6.25,
        "whitespace": 50
      },
      "embed": false
    },
    "imagePref": {
      "prefix": "icon-",
      "png": true,
      "useClassSelector": true,
      "color": 0,
      "bgColor": 16777215,
      "classSelector": ".icon",
      "name": "icomoon"
    },
    "historySize": 50,
    "showCodes": true,
    "gridSize": 16
  }
}